input,output
Provide a comprehensive summary of the Design Principle of Least Privilege.,"The Design Principle of Least Privilege dictates that each entity should be given the minimal permissions necessary to complete its task. This means privileges are assigned only when needed and revoked after use. The less privilege a program or entity has, the less harm it can inflict if it malfunctions or is compromised. Granting unnecessary permissions creates a vulnerability that a malicious entity could exploit to perform an attack."
Summarise the core tenets of the Least Privilege principle.,"The core tenets of the Least Privilege principle involve assigning minimal permissions to each entity, granting privileges only when required, and revoking them immediately after use. This approach ensures that systems and entities operate with the fewest possible rights, thereby limiting potential damage if they are compromised or behave unexpectedly."
Explain the importance of assigning privileges carefully according to the Least Privilege principle.,"Assigning privileges carefully is crucial under the Least Privilege principle because it directly impacts system security. By giving entities only the minimal permissions to complete their tasks, the potential harm a program can cause if it goes awry or is subverted is significantly reduced. Furthermore, it prevents malicious entities from abusing unnecessary permissions to launch attacks."
What are the practical implications of implementing the Least Privilege principle?,"Implementing the Least Privilege principle has several practical implications. It requires giving each entity, such as a user or a program, only the minimal permissions needed for its specific task. Privileges should be granted on a 'just-in-time' basis and revoked once no longer required. For instance, a photo editing application on a smartphone should only access the gallery, not the microphone or location, and personal activities should never be performed using a root or admin account in an operating system."
Can you provide examples of the Least Privilege principle in action?,"Examples of the Least Privilege principle in action include never performing personal activities using a root or administrator account in an operating system. Another example is a photo editing application on a smartphone being allowed access only to the gallery, but not to the microphone or location, as these are not necessary for its core function."
Define the 'Least of Privilege' design principle.,"The 'Least of Privilege' design principle is a security concept that advocates for giving each entity, whether a user, program, or process, only the minimal set of permissions or access rights required to perform its legitimate functions. This minimizes the potential damage that can be caused if the entity is compromised or misused."
Why is it important to revoke privileges after use in the context of Least Privilege?,"Revoking privileges after use is important in the context of Least Privilege because it limits the window of opportunity for potential misuse or compromise. By ensuring that elevated permissions are only active when strictly necessary and are removed once the task is complete, the risk of a malicious entity exploiting those permissions is significantly reduced."
How does the Least Privilege principle mitigate harm from subverted programs?,"The Least Privilege principle mitigates harm from subverted programs by ensuring that the program has the minimal permissions required for its operation. If a program goes awry or becomes subverted, its limited privileges restrict the scope of damage it can inflict, preventing it from accessing or modifying unauthorized resources."
What is the primary goal of the Least Privilege design principle?,"The primary goal of the Least Privilege design principle is to enhance system security by limiting the potential impact of security breaches, errors, or malicious activities. It achieves this by ensuring that every entity operates with the absolute minimum set of permissions required to perform its designated function, thereby reducing the attack surface and potential for unauthorized actions."
"Describe the consequences of granting unnecessary permissions, according to the Least Privilege principle.","According to the Least Privilege principle, granting unnecessary permissions can have severe consequences. It creates a vulnerability where a malicious entity could abuse those excessive permissions to perform unauthorized actions or launch an attack, potentially compromising the entire system or sensitive data."
Provide a comprehensive summary of the Design Principle of Separation of Privilege.,"The Design Principle of Separation of Privilege involves splitting responsibilities such that performing a privileged action requires multiple parties to work together. This approach ensures that no single entity has full control over critical processes or decisions, thereby minimizing the risk of misuse, error, or compromise within a system."
Summarise the benefits of implementing Separation of Privilege.,"Implementing Separation of Privilege offers significant benefits by minimizing the risk of misuse, error, or compromise. By requiring multiple parties to collaborate for privileged actions and preventing any single entity from having full control over critical processes, it creates a system of checks and balances that enhances overall security and integrity."
Can you summarise the key considerations behind Separation of Privilege?,"The key considerations behind Separation of Privilege revolve around splitting responsibility for privileged actions. It requires designing systems where multiple parties must work together to exercise a privilege, rather than relying on a single point of control or decision. This design aims to minimize the risk of misuse, error, or compromise by ensuring no single entity possesses complete authority over critical processes."
Explain how Separation of Privilege minimizes risk.,"Separation of Privilege minimizes risk by preventing any single entity from having full control over critical processes. To perform a privileged action, it necessitates the cooperation of multiple parties, effectively eliminating a single point of failure or compromise. This distributed control reduces the likelihood of misuse, accidental errors, or successful malicious attacks."
Provide examples illustrating the Separation of Privilege principle.,"Examples illustrating the Separation of Privilege principle include a financial system where transferring large sums of money requires approval from an employee, who acts as the initiator, and additional approval from a manager, who acts as the reviewer. Another example is a software development process where a developer writes code but cannot directly deploy it to production; instead, deployment is handled by a separate operations team."
Define the 'Separation of Privilege' design principle.,"The 'Separation of Privilege' design principle is a security concept that mandates that a single entity should not be able to complete a critical or sensitive task on its own. Instead, the task should be broken down into multiple steps, each requiring authorization or action from different, independent entities, thereby distributing control and reducing the risk of abuse or error."
What is the role of multiple parties in the Separation of Privilege principle?,"In the Separation of Privilege principle, multiple parties are required to work together to perform a privileged action. This collaborative approach ensures that no single individual or system component has unilateral control over critical processes, thereby distributing responsibility and creating a necessary check on authority."
How does Separation of Privilege prevent a single point of control or decision?,"Separation of Privilege prevents a single point of control or decision by requiring that privileged actions are not executable by one entity alone. Instead, it mandates that multiple parties must cooperate to exercise such privileges, effectively distributing authority and preventing any single entity from having absolute power over critical operations."
Describe a scenario where Separation of Privilege would be critical in a financial system.,"In a financial system, Separation of Privilege is critical for operations like transferring large sums of money. It would require an employee to initiate the transfer, and then a separate manager to provide additional approval as a reviewer. This ensures that no single person can unilaterally move significant funds, thereby preventing fraud or errors."
What are the consequences of lacking Separation of Privilege in critical processes?,"Lacking Separation of Privilege in critical processes significantly increases the risk of misuse, error, or compromise. If a single entity has full control, it becomes a single point of failure, making the system vulnerable to a malicious insider, an accidental mistake, or a successful external attack that could gain complete control over sensitive operations."
Provide a comprehensive summary of the Design Principle of Defense in Depth.,"The Design Principle of Defense in Depth advocates for layering multiple types of defenses together to protect a system. The primary goal is to increase the difficulty for an attacker to compromise the entire system. While this approach can incur high implementation costs and its overall effectiveness might be less than the sum of individual defenses due to potential conflicts, it provides robust, multi-layered security. These layers can range from cryptographic primitives at the base to end-user practices."
Summarise the benefits and challenges of implementing Defense in Depth.,"Implementing Defense in Depth offers the benefit of increasing the difficulty of attacking an entire system by creating multiple layers of security. However, it also presents challenges, including potentially high implementation costs. Furthermore, the entire effectiveness of layered defenses can sometimes be less than the sum of all individual defenses, and conflicts can arise among different defense mechanisms."
Can you summarise the key considerations behind Defense in Depth?,"The key considerations behind Defense in Depth involve strategically layering multiple types of defenses throughout a system. The aim is to increase the overall difficulty for attackers. It's important to acknowledge that implementation costs can be high, and the combined effectiveness might not simply be additive, as conflicts between defenses can occur. The approach encompasses various layers, from foundational cryptographic primitives to end-user practices."
Explain the concept of layering in Defense in Depth.,"The concept of layering in Defense in Depth refers to the strategic placement of multiple, distinct types of security defenses one on top of another. This creates a series of barriers that an attacker must overcome, increasing the difficulty of compromising the entire system. Each layer acts as a fallback if a previous layer is breached, providing redundancy and resilience."
Describe the different layers of defense in the Defense in Depth approach.,"The Defense in Depth approach involves multiple layers of defense. At the foundational level are **Cryptographic primitives**, such as RSA, DSS (Digital Signature Standard), and SHA-1 (Secure Hash Algorithm 1). Above this are **Protocols and Policies**, including TLS (Transport Layer Security), IPsec (Internet Protocol Security), and access control mechanisms. The next layer consists of **Implementations**, which include firewalls and intrusion detection systems. Finally, at the outermost layer are **End uses**, encompassing practices like password managers and company policies."
Define the 'Defense in Depth' design principle.,"The 'Defense in Depth' design principle is a security strategy that employs multiple, independent security mechanisms to protect data and systems. Instead of relying on a single point of defense, it creates a layered security architecture, where if one defense fails, another is in place to prevent or detect an attack, thereby increasing the overall resilience against various threats."
What are cryptographic primitives in the context of Defense in Depth?,"In the context of Defense in Depth, cryptographic primitives are the foundational layer of security. These are well-established, low-level cryptographic algorithms and protocols like RSA, DSS (Digital Signature Standard), and SHA-1 (Secure Hash Algorithm 1), which provide fundamental security services such as encryption, digital signatures, and hashing."
How do 'End uses' contribute to Defense in Depth?,"'End uses' contribute to Defense in Depth by forming the outermost layer of protection, focusing on user behavior and organizational policies. This layer includes security measures like password managers, which help users create and store strong, unique passwords, and company policies, which dictate secure practices and acceptable use, thereby preventing common human-related vulnerabilities."
What are some examples of 'Implementations' in a Defense in Depth strategy?,"In a Defense in Depth strategy, 'Implementations' refer to security technologies and systems deployed to protect the network and infrastructure. Examples include firewalls, which control network traffic based on security rules, and intrusion detection systems (IDS), which monitor network or system activities for malicious activity or policy violations."
Why might the effectiveness of Defense in Depth be less than the sum of its individual defenses?,"The effectiveness of Defense in Depth might be less than the sum of its individual defenses because there can be conflicts among the different defense mechanisms. These conflicts might lead to inefficiencies, create new vulnerabilities, or cause certain defenses to undermine others, preventing the system from achieving the theoretical maximum security offered by each component in isolation."
Provide a comprehensive summary of the Design Principle of Security Through Obscurity.,"The Design Principle of Security Through Obscurity relies on secrecy or concealing the details of a system or its components to provide security. The premise is that if an attacker does not know how a system works, they are less likely to compromise it. However, this principle is widely regarded as insufficient and unreliable as the sole basis for security because attackers can often reverse-engineer or uncover hidden details, meaning systems cannot solely depend on obscurity to deter attacks."
Summarise the criticisms of Security Through Obscurity.,"Security Through Obscurity is heavily criticized because it is considered an insufficient and unreliable basis for security. Attackers are often capable of reverse-engineering systems or uncovering hidden details through various means, such as guessing, web crawling, server logs, or deobfuscation techniques. Therefore, relying solely on obscurity to keep attackers away is not a robust security strategy."
Can you summarise the key considerations behind Security Through Obscurity?,"The key considerations behind Security Through Obscurity involve relying on the concealment of system details to deter attackers. While the idea is that unknown system workings make compromise less likely, it's crucial to understand that this approach is generally deemed insufficient and unreliable. Attackers possess methods to discover hidden details, meaning obscurity alone cannot guarantee security."
Explain why Security Through Obscurity is often considered unreliable.,"Security Through Obscurity is often considered unreliable because attackers are resourceful and can frequently reverse-engineer systems or uncover hidden details. Methods like guessing obscure URLs, web crawling, analyzing server logs, or deobfuscating code can reveal system specifics and potential vulnerabilities, rendering the secrecy ineffective as a primary security measure."
Provide examples illustrating the limitations of Security Through Obscurity.,"Examples illustrating the limitations of Security Through Obscurity include a company hiding sensitive files behind obscure URLs without implementing proper authentication. An attacker could discover these URLs through guessing, web crawling, or analyzing server logs. Another example is a software developer using code obfuscation to hide source code details and vulnerabilities; a skilled attacker can deobfuscate or analyze the binary to discover those vulnerabilities."
Define the 'Security Through Obscurity' design principle.,"The 'Security Through Obscurity' design principle is a security approach where the protection of a system or its components is attempted by keeping its design, implementation, or internal workings secret. The underlying assumption is that if attackers are unaware of these details, they will be less likely to find and exploit vulnerabilities."
How might an attacker discover details hidden by Security Through Obscurity?,"An attacker might discover details hidden by Security Through Obscurity through various methods. These include guessing obscure URLs, performing web crawling to map out a site's structure, analyzing server logs for clues, or reverse-engineering obfuscated code to reveal its underlying logic and potential vulnerabilities."
What is code obfuscation and its role in Security Through Obscurity?,"Code obfuscation is a technique used in Security Through Obscurity to intentionally make source code or compiled binaries difficult for humans to understand. Its role is to hide the details of the source code and potential vulnerabilities, making it harder for attackers to reverse-engineer the software and discover weaknesses."
Why is relying solely on obscurity insufficient for security?,"Relying solely on obscurity is insufficient for security because attackers are often capable of overcoming such measures. They can employ techniques like reverse-engineering, detailed analysis, or brute-force guessing to uncover the hidden details of a system, thereby negating any perceived security benefit derived from secrecy alone."
Describe the fundamental flaw in the premise of Security Through Obscurity.,"The fundamental flaw in the premise of Security Through Obscurity is the assumption that secrecy alone can provide adequate security. It fails to account for the persistence and capabilities of attackers, who can often discover hidden details through various means, rendering the obscurity ineffective and leaving the system vulnerable if no other robust security measures are in place."
Provide a comprehensive summary of Kerckhoffs's Principle and Shannon's Maxim.,"Kerckhoffs's Principle and Shannon's Maxim, often encapsulated by Claude Shannon's phrase 'the enemy knows the system,' state that the security of a system should not depend on the secrecy of its design or algorithms. Instead, it is always necessary to assume that an attacker knows every detail about the system, including algorithms, hardware, and defenses. This approach ensures that the system remains resilient even if its design or implementation becomes public knowledge, with the cryptographic key being the only secret that must be kept confidential to maintain security."
Summarise the core message of 'the enemy knows the system' in security design.,"The core message of 'the enemy knows the system' in security design is that the security of a system should never rely on the secrecy of its internal workings, algorithms, or design. Instead, designers must assume that an attacker has full knowledge of every detail of the system. This forces the creation of systems that are inherently resilient, even if their specifications become public."
Can you summarise the key considerations behind Kerckhoffs's Principle and Shannon's Maxim?,"The key considerations behind Kerckhoffs's Principle and Shannon's Maxim are that system security should not be predicated on the concealment of its design or algorithms. It mandates assuming that attackers possess complete knowledge of the system's intricacies, including hardware and defenses. This principle aims to build systems that remain secure and resilient even if their design or implementation is publicly known, emphasizing that only cryptographic keys should remain confidential."
Explain how Kerckhoffs's Principle makes a system resilient.,"Kerckhoffs's Principle makes a system resilient by forcing designers to assume that an attacker knows every detail about the system, including its algorithms, hardware, and defenses. By building security on this assumption, the system is designed to withstand attacks even if its design or implementation becomes public knowledge, ensuring its robustness against informed adversaries."
Provide an example illustrating Kerckhoffs's Principle in cryptography.,"An example illustrating Kerckhoffs's Principle in cryptography is that the secrecy of the cryptographic key is the only thing that ensures security. The algorithms and protocols used for encryption and decryption can be public knowledge, but as long as the specific key used for a particular communication remains confidential, the system remains secure."
Define Kerckhoffs's Principle and Shannon's Maxim.,"Kerckhoffs's Principle and Shannon's Maxim are foundational security principles stating that the security of a cryptographic system should depend only on the secrecy of the key, not on the secrecy of the algorithm. It implies that one should always assume the adversary knows the system's design, algorithms, and implementation details."
Who was Claude Shannon and what was his contribution to this principle?,"Claude Shannon was an American mathematician and cryptographer, often referred to as the Father of information theory. His contribution to this principle is encapsulated in his maxim, 'the enemy knows the system,' which reinforces the idea that system security should not rely on the secrecy of its design or algorithms, but rather on the confidentiality of the key."
What is the only secret that needs to be kept confidential in a system designed according to Kerckhoffs's Principle?,"In a system designed according to Kerckhoffs's Principle, the only secret that needs to be kept confidential is the cryptographic key. All other aspects, such as the design, algorithms, hardware, and defenses, are assumed to be known by the attacker, and the system's security must hold up under this assumption."
How does Kerckhoffs's Principle relate to Security Through Obscurity?,"Kerckhoffs's Principle stands in direct opposition to Security Through Obscurity. While Security Through Obscurity relies on concealing system details for security, Kerckhoffs's Principle explicitly states that security should not depend on such secrecy. Instead, it mandates assuming full transparency to the attacker, making the system resilient even if all design details are public, except for the cryptographic key."
Why is it necessary to assume the attacker knows every detail about the system when applying Kerckhoffs's Principle?,"It is necessary to assume the attacker knows every detail about the system when applying Kerckhoffs's Principle because this assumption forces designers to build inherently strong and resilient systems. If security relies on the design being secret, a breach of that secrecy compromises the entire system. By assuming full knowledge, the system's security is built on robust mechanisms rather than fragile secrecy, ensuring it remains secure even if its design becomes public."
